file,label,labelNames
_0_forward\1769774110.963189.png,0,_0_forward
_0_forward\1769774111.046158.png,0,_0_forward
_0_forward\1769774111.141284.png,0,_0_forward
_0_forward\1769774111.263166.png,0,_0_forward
_0_forward\1769774111.379080.png,0,_0_forward
_0_forward\1769774111.471148.png,0,_0_forward
_0_forward\1769774111.566448.png,0,_0_forward
_0_forward\1769774111.688540.png,0,_0_forward
_0_forward\1769774111.804981.png,0,_0_forward
_0_forward\1769774112.047675.png,0,_0_forward
_0_forward\1769774112.203492.png,0,_0_forward
_0_forward\1769774112.328718.png,0,_0_forward
_0_forward\1769774112.425985.png,0,_0_forward
_0_forward\1769774112.522745.png,0,_0_forward
_0_forward\1769774112.967005.png,0,_0_forward
_0_forward\1769774114.475948.png,0,_0_forward
_0_forward\1769774114.545797.png,0,_0_forward
_0_forward\1769774114.708936.png,0,_0_forward
_0_forward\1769774114.792903.png,0,_0_forward
_0_forward\1769774114.903972.png,0,_0_forward
_0_forward\1769774116.685083.png,0,_0_forward
_0_forward\1769774116.788270.png,0,_0_forward
_0_forward\1769774116.876003.png,0,_0_forward
_0_forward\1769774116.979910.png,0,_0_forward
_0_forward\1769774117.082766.png,0,_0_forward
_0_forward\1769774117.184415.png,0,_0_forward
_0_forward\1769774117.290469.png,0,_0_forward
_0_forward\1769774117.483604.png,0,_0_forward
_0_forward\1769774117.608398.png,0,_0_forward
_0_forward\1769774117.699695.png,0,_0_forward
_0_forward\1769774117.810482.png,0,_0_forward
_0_forward\1769774117.902710.png,0,_0_forward
_0_forward\1769774117.979986.png,0,_0_forward
_0_forward\1769774118.079057.png,0,_0_forward
_0_forward\1769774118.208520.png,0,_0_forward
_0_forward\1769774118.317298.png,0,_0_forward
_0_forward\1769774118.429175.png,0,_0_forward
_0_forward\1769774118.525419.png,0,_0_forward
_0_forward\1769774118.604595.png,0,_0_forward
_0_forward\1769774118.717226.png,0,_0_forward
_0_forward\1769774118.813631.png,0,_0_forward
_0_forward\1769774118.908267.png,0,_0_forward
_0_forward\1769774120.276541.png,0,_0_forward
_0_forward\1769774122.557671.png,0,_0_forward
_0_forward\1769774122.785720.png,0,_0_forward
_0_forward\1769774122.902670.png,0,_0_forward
_0_forward\1769774122.992075.png,0,_0_forward
_0_forward\1769774123.058897.png,0,_0_forward
_0_forward\1769774123.135218.png,0,_0_forward
_0_forward\1769774123.231077.png,0,_0_forward
_0_forward\1769774123.326222.png,0,_0_forward
_0_forward\1769774123.407646.png,0,_0_forward
_0_forward\1769774123.478700.png,0,_0_forward
_0_forward\1769774123.580856.png,0,_0_forward
_0_forward\1769774123.676400.png,0,_0_forward
_0_forward\1769774143.955517.png,0,_0_forward
_0_forward\1769774144.044182.png,0,_0_forward
_0_forward\1769774144.166609.png,0,_0_forward
_0_forward\1769774144.330900.png,0,_0_forward
_0_forward\1769774144.435849.png,0,_0_forward
_0_forward\1769774144.522541.png,0,_0_forward
_0_forward\1769774144.599905.png,0,_0_forward
_0_forward\1769774144.679694.png,0,_0_forward
_0_forward\1769774149.221913.png,0,_0_forward
_0_forward\1769774149.335379.png,0,_0_forward
_0_forward\1769774149.414256.png,0,_0_forward
_0_forward\1769774149.492295.png,0,_0_forward
_0_forward\1769774152.527707.png,0,_0_forward
_0_forward\1769774152.617507.png,0,_0_forward
_0_forward\1769774152.712182.png,0,_0_forward
_0_forward\1769774152.798687.png,0,_0_forward
_0_forward\1769774152.918765.png,0,_0_forward
_0_forward\1769774152.997456.png,0,_0_forward
_0_forward\1769774153.087522.png,0,_0_forward
_0_forward\1769774153.140585.png,0,_0_forward
_0_forward\1769774153.252485.png,0,_0_forward
_0_forward\1769774153.347723.png,0,_0_forward
_0_forward\1769774153.446001.png,0,_0_forward
_0_forward\1769774153.534336.png,0,_0_forward
_0_forward\1769774153.647285.png,0,_0_forward
_0_forward\1769774153.794463.png,0,_0_forward
_0_forward\1769774153.915444.png,0,_0_forward
_0_forward\1769774153.988657.png,0,_0_forward
_0_forward\1769774154.089518.png,0,_0_forward
_0_forward\1769774154.156856.png,0,_0_forward
_0_forward\1769774154.249729.png,0,_0_forward
_0_forward\1769774154.361416.png,0,_0_forward
_0_forward\1769774154.502928.png,0,_0_forward
_0_forward\1769774154.566309.png,0,_0_forward
_0_forward\1769774154.708946.png,0,_0_forward
_0_forward\1769774154.835646.png,0,_0_forward
_0_forward\1769774154.883061.png,0,_0_forward
_0_forward\1769774170.827869.png,0,_0_forward
_0_forward\1769774170.910668.png,0,_0_forward
_0_forward\1769774171.055302.png,0,_0_forward
_0_forward\1769774171.199246.png,0,_0_forward
_0_forward\1769774171.301861.png,0,_0_forward
_0_forward\1769774171.467935.png,0,_0_forward
_0_forward\1769774171.583917.png,0,_0_forward
_0_forward\1769774171.685384.png,0,_0_forward
_0_forward\1769774171.778415.png,0,_0_forward
_0_forward\1769774171.889820.png,0,_0_forward
_0_forward\1769774171.975506.png,0,_0_forward
_0_forward\1769774172.101518.png,0,_0_forward
_0_forward\1769774172.217155.png,0,_0_forward
_0_forward\1769774172.793544.png,0,_0_forward
_0_forward\1769774172.915919.png,0,_0_forward
_0_forward\1769774173.000486.png,0,_0_forward
_0_forward\1769774173.143515.png,0,_0_forward
_0_forward\1769774173.250268.png,0,_0_forward
_0_forward\1769774173.821669.png,0,_0_forward
_0_forward\1769774173.933551.png,0,_0_forward
_0_forward\1769774174.029798.png,0,_0_forward
_0_forward\1769774174.103995.png,0,_0_forward
_0_forward\1769774174.219073.png,0,_0_forward
_0_forward\1769774174.325700.png,0,_0_forward
_0_forward\1769774174.434451.png,0,_0_forward
_0_forward\1769774174.537692.png,0,_0_forward
_0_forward\1769774174.649395.png,0,_0_forward
_0_forward\1769774174.739068.png,0,_0_forward
_0_forward\1769774174.852412.png,0,_0_forward
_0_forward\1769774174.949796.png,0,_0_forward
_0_forward\1769774175.041411.png,0,_0_forward
_0_forward\1769774175.140728.png,0,_0_forward
_0_forward\1769774175.269289.png,0,_0_forward
_0_forward\1769774175.363117.png,0,_0_forward
_0_forward\1769774179.033031.png,0,_0_forward
_0_forward\1769774179.134922.png,0,_0_forward
_0_forward\1769774179.216434.png,0,_0_forward
_0_forward\1769774179.310050.png,0,_0_forward
_0_forward\1769774179.416096.png,0,_0_forward
_0_forward\1769774179.485222.png,0,_0_forward
_0_forward\1769774179.566211.png,0,_0_forward
_0_forward\1769774179.627844.png,0,_0_forward
_0_forward\1769774179.756524.png,0,_0_forward
_0_forward\1769774179.850846.png,0,_0_forward
_0_forward\1769774179.946546.png,0,_0_forward
_0_forward\1769774180.058654.png,0,_0_forward
_0_forward\1769774180.137768.png,0,_0_forward
_0_forward\1769774180.217639.png,0,_0_forward
_0_forward\1769774180.281477.png,0,_0_forward
_0_forward\1769774180.376481.png,0,_0_forward
_0_forward\1769774203.007440.png,0,_0_forward
_0_forward\1769774203.078683.png,0,_0_forward
_0_forward\1769774203.164618.png,0,_0_forward
_0_forward\1769774203.249139.png,0,_0_forward
_0_forward\1769774203.340669.png,0,_0_forward
_0_forward\1769774203.468114.png,0,_0_forward
_0_forward\1769774203.535067.png,0,_0_forward
_0_forward\1769774203.611945.png,0,_0_forward
_0_forward\1769774203.724103.png,0,_0_forward
_0_forward\1769774203.805353.png,0,_0_forward
_0_forward\1769774203.875382.png,0,_0_forward
_0_forward\1769774203.979033.png,0,_0_forward
_0_forward\1769774204.059994.png,0,_0_forward
_0_forward\1769774204.158053.png,0,_0_forward
_0_forward\1769774204.230238.png,0,_0_forward
_0_forward\1769774204.334330.png,0,_0_forward
_0_forward\1769774204.442487.png,0,_0_forward
_0_forward\1769774204.532260.png,0,_0_forward
_0_forward\1769774204.646740.png,0,_0_forward
_0_forward\1769774204.729191.png,0,_0_forward
_0_forward\1769774204.833614.png,0,_0_forward
_0_forward\1769774204.929421.png,0,_0_forward
_0_forward\1769774205.024186.png,0,_0_forward
_0_forward\1769774205.143574.png,0,_0_forward
_0_forward\1769774205.247520.png,0,_0_forward
_0_forward\1769774205.393053.png,0,_0_forward
_0_forward\1769774205.551500.png,0,_0_forward
_0_forward\1769774205.678071.png,0,_0_forward
_0_forward\1769774205.789765.png,0,_0_forward
_0_forward\1769774205.885421.png,0,_0_forward
_0_forward\1769774213.906866.png,0,_0_forward
_0_forward\1769774214.030467.png,0,_0_forward
_0_forward\1769774214.175127.png,0,_0_forward
_0_forward\1769774214.307325.png,0,_0_forward
_0_forward\1769774214.537982.png,0,_0_forward
_0_forward\1769774214.688858.png,0,_0_forward
_0_forward\1769774217.635853.png,0,_0_forward
_0_forward\1769774217.747054.png,0,_0_forward
_0_forward\1769774223.430196.png,0,_0_forward
_0_forward\1769774223.548376.png,0,_0_forward
_0_forward\1769774223.660040.png,0,_0_forward
_0_forward\1769774249.297889.png,0,_0_forward
_0_forward\1769774249.382377.png,0,_0_forward
_0_forward\1769774249.483708.png,0,_0_forward
_0_forward\1769774249.587577.png,0,_0_forward
_0_forward\1769774249.649330.png,0,_0_forward
_0_forward\1769774249.730600.png,0,_0_forward
_0_forward\1769774249.834681.png,0,_0_forward
_0_forward\1769774249.916291.png,0,_0_forward
_0_forward\1769774250.003387.png,0,_0_forward
_0_forward\1769774250.115482.png,0,_0_forward
_0_forward\1769774251.548173.png,0,_0_forward
_0_forward\1769774251.718733.png,0,_0_forward
_0_forward\1769774253.191128.png,0,_0_forward
_0_forward\1769774253.289509.png,0,_0_forward
_0_forward\1769774253.361822.png,0,_0_forward
_0_forward\1769774253.450005.png,0,_0_forward
_0_forward\1769774284.727199.png,0,_0_forward
_0_forward\1769774285.150651.png,0,_0_forward
_0_forward\1769774285.244143.png,0,_0_forward
_0_forward\1769774285.368084.png,0,_0_forward
_0_forward\1769774285.458576.png,0,_0_forward
_0_forward\1769774315.729122.png,0,_0_forward
_0_forward\1769774316.210680.png,0,_0_forward
_0_forward\1769774316.329897.png,0,_0_forward
_0_forward\1769774316.424775.png,0,_0_forward
_0_forward\1769774316.497833.png,0,_0_forward
_0_forward\1769774316.560995.png,0,_0_forward
_0_forward\1769774316.638609.png,0,_0_forward
_0_forward\1769774316.761381.png,0,_0_forward
_0_forward\1769774316.859731.png,0,_0_forward
_0_forward\1769774318.643460.png,0,_0_forward
_0_forward\1769774318.748955.png,0,_0_forward
_0_forward\1769774318.913517.png,0,_0_forward
_0_forward\1769774319.020162.png,0,_0_forward
_0_forward\1769774319.098008.png,0,_0_forward
_0_forward\1769774319.165173.png,0,_0_forward
_0_forward\1769774319.241207.png,0,_0_forward
_0_forward\1769774319.324951.png,0,_0_forward
_0_forward\1769774319.402616.png,0,_0_forward
_0_forward\1769774326.243983.png,0,_0_forward
_0_forward\1769774326.396669.png,0,_0_forward
_0_forward\1769774326.589226.png,0,_0_forward
_1_right\1769774144.776404.png,1,_1_right
_1_right\1769774144.886429.png,1,_1_right
_1_right\1769774144.972466.png,1,_1_right
_1_right\1769774145.061981.png,1,_1_right
_1_right\1769774145.142434.png,1,_1_right
_1_right\1769774145.219503.png,1,_1_right
_1_right\1769774145.345816.png,1,_1_right
_1_right\1769774145.446676.png,1,_1_right
_1_right\1769774148.236126.png,1,_1_right
_1_right\1769774148.320883.png,1,_1_right
_1_right\1769774148.397076.png,1,_1_right
_1_right\1769774148.458172.png,1,_1_right
_1_right\1769774148.569962.png,1,_1_right
_1_right\1769774148.618205.png,1,_1_right
_1_right\1769774148.697548.png,1,_1_right
_1_right\1769774148.777631.png,1,_1_right
_1_right\1769774148.847115.png,1,_1_right
_1_right\1769774148.947432.png,1,_1_right
_1_right\1769774149.006662.png,1,_1_right
_1_right\1769774149.084092.png,1,_1_right
_1_right\1769774149.159961.png,1,_1_right
_1_right\1769774172.377655.png,1,_1_right
_1_right\1769774172.497929.png,1,_1_right
_1_right\1769774172.583327.png,1,_1_right
_1_right\1769774172.677543.png,1,_1_right
_1_right\1769774173.361362.png,1,_1_right
_1_right\1769774173.473015.png,1,_1_right
_1_right\1769774173.552226.png,1,_1_right
_1_right\1769774173.654980.png,1,_1_right
_1_right\1769774173.726826.png,1,_1_right
_1_right\1769774217.848904.png,1,_1_right
_1_right\1769774217.941357.png,1,_1_right
_1_right\1769774218.011659.png,1,_1_right
_1_right\1769774218.091834.png,1,_1_right
_1_right\1769774218.234932.png,1,_1_right
_1_right\1769774218.330265.png,1,_1_right
_1_right\1769774218.457672.png,1,_1_right
_1_right\1769774218.553637.png,1,_1_right
_1_right\1769774218.681148.png,1,_1_right
_1_right\1769774218.776442.png,1,_1_right
_1_right\1769774218.841113.png,1,_1_right
_1_right\1769774218.935794.png,1,_1_right
_1_right\1769774219.018979.png,1,_1_right
_1_right\1769774219.142938.png,1,_1_right
_1_right\1769774219.293649.png,1,_1_right
_1_right\1769774219.397599.png,1,_1_right
_1_right\1769774219.555626.png,1,_1_right
_1_right\1769774219.640183.png,1,_1_right
_1_right\1769774219.730128.png,1,_1_right
_1_right\1769774219.809854.png,1,_1_right
_1_right\1769774219.893965.png,1,_1_right
_1_right\1769774219.968634.png,1,_1_right
_1_right\1769774220.047726.png,1,_1_right
_1_right\1769774220.126112.png,1,_1_right
_1_right\1769774220.246883.png,1,_1_right
_1_right\1769774220.380828.png,1,_1_right
_1_right\1769774220.493127.png,1,_1_right
_1_right\1769774220.584567.png,1,_1_right
_1_right\1769774220.683364.png,1,_1_right
_1_right\1769774220.798711.png,1,_1_right
_1_right\1769774220.858024.png,1,_1_right
_1_right\1769774220.968990.png,1,_1_right
_1_right\1769774221.040532.png,1,_1_right
_1_right\1769774221.126875.png,1,_1_right
_1_right\1769774221.237870.png,1,_1_right
_1_right\1769774221.344393.png,1,_1_right
_1_right\1769774221.750270.png,1,_1_right
_1_right\1769774221.826022.png,1,_1_right
_1_right\1769774221.915290.png,1,_1_right
_1_right\1769774222.019484.png,1,_1_right
_1_right\1769774222.096975.png,1,_1_right
_1_right\1769774222.164025.png,1,_1_right
_1_right\1769774222.240614.png,1,_1_right
_1_right\1769774224.044338.png,1,_1_right
_1_right\1769774224.139076.png,1,_1_right
_1_right\1769774224.219626.png,1,_1_right
_1_right\1769774224.312553.png,1,_1_right
_1_right\1769774224.439101.png,1,_1_right
_1_right\1769774224.542779.png,1,_1_right
_1_right\1769774224.613205.png,1,_1_right
_1_right\1769774224.740554.png,1,_1_right
_1_right\1769774224.825039.png,1,_1_right
_1_right\1769774224.931409.png,1,_1_right
_1_right\1769774225.028166.png,1,_1_right
_1_right\1769774225.122818.png,1,_1_right
_1_right\1769774225.237920.png,1,_1_right
_1_right\1769774225.365665.png,1,_1_right
_1_right\1769774225.489333.png,1,_1_right
_1_right\1769774225.648629.png,1,_1_right
_1_right\1769774225.732283.png,1,_1_right
_1_right\1769774225.833932.png,1,_1_right
_1_right\1769774225.907731.png,1,_1_right
_1_right\1769774225.982199.png,1,_1_right
_1_right\1769774226.048103.png,1,_1_right
_1_right\1769774226.161676.png,1,_1_right
_1_right\1769774226.317460.png,1,_1_right
_1_right\1769774226.462979.png,1,_1_right
_1_right\1769774226.575611.png,1,_1_right
_1_right\1769774226.724411.png,1,_1_right
_1_right\1769774226.804178.png,1,_1_right
_1_right\1769774226.937285.png,1,_1_right
_1_right\1769774227.036417.png,1,_1_right
_1_right\1769774227.131408.png,1,_1_right
_1_right\1769774227.200066.png,1,_1_right
_1_right\1769774227.284780.png,1,_1_right
_1_right\1769774227.385102.png,1,_1_right
_1_right\1769774227.449441.png,1,_1_right
_1_right\1769774227.556524.png,1,_1_right
_1_right\1769774227.683409.png,1,_1_right
_1_right\1769774227.799829.png,1,_1_right
_1_right\1769774227.874614.png,1,_1_right
_1_right\1769774227.970781.png,1,_1_right
_1_right\1769774228.034896.png,1,_1_right
_1_right\1769774228.132920.png,1,_1_right
_1_right\1769774228.226342.png,1,_1_right
_1_right\1769774228.303721.png,1,_1_right
_1_right\1769774228.386801.png,1,_1_right
_1_right\1769774228.470208.png,1,_1_right
_1_right\1769774228.588922.png,1,_1_right
_1_right\1769774228.673046.png,1,_1_right
_1_right\1769774228.737660.png,1,_1_right
_1_right\1769774228.848670.png,1,_1_right
_1_right\1769774228.960998.png,1,_1_right
_1_right\1769774229.023657.png,1,_1_right
_1_right\1769774229.152651.png,1,_1_right
_1_right\1769774229.215564.png,1,_1_right
_1_right\1769774229.290496.png,1,_1_right
_1_right\1769774229.365766.png,1,_1_right
_1_right\1769774229.486767.png,1,_1_right
_1_right\1769774229.590566.png,1,_1_right
_1_right\1769774229.716904.png,1,_1_right
_1_right\1769774229.771202.png,1,_1_right
_1_right\1769774229.842475.png,1,_1_right
_1_right\1769774229.929073.png,1,_1_right
_1_right\1769774230.008574.png,1,_1_right
_1_right\1769774230.111052.png,1,_1_right
_1_right\1769774230.185104.png,1,_1_right
_1_right\1769774230.281901.png,1,_1_right
_1_right\1769774230.358479.png,1,_1_right
_1_right\1769774230.455063.png,1,_1_right
_1_right\1769774230.534406.png,1,_1_right
_1_right\1769774230.598695.png,1,_1_right
_1_right\1769774230.716922.png,1,_1_right
_1_right\1769774230.825334.png,1,_1_right
_1_right\1769774230.931937.png,1,_1_right
_1_right\1769774231.009526.png,1,_1_right
_1_right\1769774231.081079.png,1,_1_right
_1_right\1769774231.170510.png,1,_1_right
_1_right\1769774231.248662.png,1,_1_right
_1_right\1769774231.650740.png,1,_1_right
_1_right\1769774231.775563.png,1,_1_right
_1_right\1769774231.886779.png,1,_1_right
_1_right\1769774231.972520.png,1,_1_right
_1_right\1769774232.079574.png,1,_1_right
_1_right\1769774232.143394.png,1,_1_right
_1_right\1769774232.206261.png,1,_1_right
_1_right\1769774232.270130.png,1,_1_right
_1_right\1769774232.328145.png,1,_1_right
_1_right\1769774232.382195.png,1,_1_right
_1_right\1769774232.511483.png,1,_1_right
_1_right\1769774232.605508.png,1,_1_right
_1_right\1769774232.685978.png,1,_1_right
_1_right\1769774232.735600.png,1,_1_right
_1_right\1769774232.846737.png,1,_1_right
_1_right\1769774232.905993.png,1,_1_right
_1_right\1769774233.001251.png,1,_1_right
_1_right\1769774233.065008.png,1,_1_right
_1_right\1769774233.181114.png,1,_1_right
_1_right\1769774233.322949.png,1,_1_right
_1_right\1769774233.479848.png,1,_1_right
_1_right\1769774233.591367.png,1,_1_right
_1_right\1769774233.704978.png,1,_1_right
_1_right\1769774233.820506.png,1,_1_right
_1_right\1769774233.971364.png,1,_1_right
_1_right\1769774234.075760.png,1,_1_right
_1_right\1769774234.132220.png,1,_1_right
_1_right\1769774234.287327.png,1,_1_right
_1_right\1769774234.430461.png,1,_1_right
_1_right\1769774234.529970.png,1,_1_right
_1_right\1769774234.626202.png,1,_1_right
_1_right\1769774234.714733.png,1,_1_right
_1_right\1769774234.784983.png,1,_1_right
_1_right\1769774234.880524.png,1,_1_right
_1_right\1769774234.966154.png,1,_1_right
_1_right\1769774235.055907.png,1,_1_right
_1_right\1769774235.158849.png,1,_1_right
_1_right\1769774235.248179.png,1,_1_right
_1_right\1769774235.337203.png,1,_1_right
_1_right\1769774235.427646.png,1,_1_right
_1_right\1769774235.501375.png,1,_1_right
_1_right\1769774235.614372.png,1,_1_right
_1_right\1769774237.208694.png,1,_1_right
_1_right\1769774237.368448.png,1,_1_right
_1_right\1769774237.485551.png,1,_1_right
_1_right\1769774237.622754.png,1,_1_right
_1_right\1769774237.716370.png,1,_1_right
_1_right\1769774237.796681.png,1,_1_right
_1_right\1769774237.892245.png,1,_1_right
_1_right\1769774237.955508.png,1,_1_right
_1_right\1769774238.017611.png,1,_1_right
_1_right\1769774238.097340.png,1,_1_right
_1_right\1769774238.161332.png,1,_1_right
_1_right\1769774238.274154.png,1,_1_right
_1_right\1769774238.371663.png,1,_1_right
_1_right\1769774238.477648.png,1,_1_right
_1_right\1769774238.585919.png,1,_1_right
_1_right\1769774238.672083.png,1,_1_right
_1_right\1769774238.749363.png,1,_1_right
_1_right\1769774238.844800.png,1,_1_right
_1_right\1769774240.245200.png,1,_1_right
_1_right\1769774240.363029.png,1,_1_right
_1_right\1769774240.459243.png,1,_1_right
_1_right\1769774240.552334.png,1,_1_right
_1_right\1769774240.641502.png,1,_1_right
_1_right\1769774240.760599.png,1,_1_right
_1_right\1769774240.886512.png,1,_1_right
_1_right\1769774241.029339.png,1,_1_right
_1_right\1769774241.165640.png,1,_1_right
_1_right\1769774241.221075.png,1,_1_right
_1_right\1769774241.319881.png,1,_1_right
_1_right\1769774241.408773.png,1,_1_right
_1_right\1769774241.491804.png,1,_1_right
_1_right\1769774241.602558.png,1,_1_right
_1_right\1769774241.698133.png,1,_1_right
_1_right\1769774241.793724.png,1,_1_right
_1_right\1769774241.889306.png,1,_1_right
_1_right\1769774242.017037.png,1,_1_right
_1_right\1769774242.105355.png,1,_1_right
_1_right\1769774242.230570.png,1,_1_right
_1_right\1769774242.334600.png,1,_1_right
_1_right\1769774242.428872.png,1,_1_right
_1_right\1769774242.523026.png,1,_1_right
_1_right\1769774242.620551.png,1,_1_right
_1_right\1769774242.715709.png,1,_1_right
_1_right\1769774242.827449.png,1,_1_right
_1_right\1769774242.912956.png,1,_1_right
_1_right\1769774243.074342.png,1,_1_right
_1_right\1769774243.147474.png,1,_1_right
_1_right\1769774243.218096.png,1,_1_right
_1_right\1769774243.347258.png,1,_1_right
_1_right\1769774243.512879.png,1,_1_right
_1_right\1769774243.665152.png,1,_1_right
_1_right\1769774243.790493.png,1,_1_right
_1_right\1769774243.877919.png,1,_1_right
_1_right\1769774243.981425.png,1,_1_right
_1_right\1769774244.086140.png,1,_1_right
_1_right\1769774244.243300.png,1,_1_right
_1_right\1769774244.339627.png,1,_1_right
_1_right\1769774244.422410.png,1,_1_right
_1_right\1769774244.547679.png,1,_1_right
_1_right\1769774244.645460.png,1,_1_right
_1_right\1769774244.766419.png,1,_1_right
_1_right\1769774244.896257.png,1,_1_right
_1_right\1769774244.982927.png,1,_1_right
_1_right\1769774245.072292.png,1,_1_right
_1_right\1769774245.159338.png,1,_1_right
_1_right\1769774245.518263.png,1,_1_right
_1_right\1769774245.617165.png,1,_1_right
_1_right\1769774245.693008.png,1,_1_right
_1_right\1769774245.773381.png,1,_1_right
_1_right\1769774250.223645.png,1,_1_right
_1_right\1769774250.308022.png,1,_1_right
_1_right\1769774250.381258.png,1,_1_right
_1_right\1769774250.468121.png,1,_1_right
_1_right\1769774250.614836.png,1,_1_right
_1_right\1769774250.833955.png,1,_1_right
_1_right\1769774250.992182.png,1,_1_right
_1_right\1769774251.097652.png,1,_1_right
_1_right\1769774251.250918.png,1,_1_right
_1_right\1769774251.430811.png,1,_1_right
_1_right\1769774253.524131.png,1,_1_right
_1_right\1769774256.266111.png,1,_1_right
_1_right\1769774256.399814.png,1,_1_right
_1_right\1769774256.498489.png,1,_1_right
_1_right\1769774256.590012.png,1,_1_right
_1_right\1769774256.653020.png,1,_1_right
_1_right\1769774256.765755.png,1,_1_right
_1_right\1769774256.874609.png,1,_1_right
_1_right\1769774257.049173.png,1,_1_right
_1_right\1769774257.160542.png,1,_1_right
_1_right\1769774257.282741.png,1,_1_right
_1_right\1769774257.390905.png,1,_1_right
_1_right\1769774257.499222.png,1,_1_right
_1_right\1769774257.615441.png,1,_1_right
_1_right\1769774257.761403.png,1,_1_right
_1_right\1769774257.897503.png,1,_1_right
_1_right\1769774257.975597.png,1,_1_right
_1_right\1769774258.052718.png,1,_1_right
_1_right\1769774258.164539.png,1,_1_right
_1_right\1769774258.276572.png,1,_1_right
_1_right\1769774258.376498.png,1,_1_right
_1_right\1769774258.531050.png,1,_1_right
_1_right\1769774258.594992.png,1,_1_right
_1_right\1769774258.676785.png,1,_1_right
_1_right\1769774258.755830.png,1,_1_right
_1_right\1769774258.861355.png,1,_1_right
_1_right\1769774258.982629.png,1,_1_right
_1_right\1769774259.105967.png,1,_1_right
_1_right\1769774259.185338.png,1,_1_right
_1_right\1769774259.309768.png,1,_1_right
_1_right\1769774259.365504.png,1,_1_right
_1_right\1769774259.473692.png,1,_1_right
_1_right\1769774259.562074.png,1,_1_right
_1_right\1769774259.649663.png,1,_1_right
_1_right\1769774259.773237.png,1,_1_right
_1_right\1769774259.855398.png,1,_1_right
_1_right\1769774259.983028.png,1,_1_right
_1_right\1769774260.123841.png,1,_1_right
_1_right\1769774260.250746.png,1,_1_right
_1_right\1769774260.338371.png,1,_1_right
_1_right\1769774260.553285.png,1,_1_right
_1_right\1769774262.282495.png,1,_1_right
_1_right\1769774262.389446.png,1,_1_right
_1_right\1769774262.484323.png,1,_1_right
_1_right\1769774262.710527.png,1,_1_right
_1_right\1769774262.791167.png,1,_1_right
_1_right\1769774262.873568.png,1,_1_right
_1_right\1769774262.946581.png,1,_1_right
_1_right\1769774263.016289.png,1,_1_right
_1_right\1769774263.132242.png,1,_1_right
_1_right\1769774263.217200.png,1,_1_right
_1_right\1769774265.235087.png,1,_1_right
_1_right\1769774265.362206.png,1,_1_right
_1_right\1769774265.479955.png,1,_1_right
_1_right\1769774265.609739.png,1,_1_right
_1_right\1769774265.684615.png,1,_1_right
_1_right\1769774265.815474.png,1,_1_right
_1_right\1769774265.892648.png,1,_1_right
_1_right\1769774265.992821.png,1,_1_right
_1_right\1769774266.095988.png,1,_1_right
_1_right\1769774266.205984.png,1,_1_right
_1_right\1769774266.271045.png,1,_1_right
_1_right\1769774266.365396.png,1,_1_right
_1_right\1769774266.586890.png,1,_1_right
_1_right\1769774266.650378.png,1,_1_right
_1_right\1769774266.736382.png,1,_1_right
_1_right\1769774266.873544.png,1,_1_right
_1_right\1769774266.990284.png,1,_1_right
_1_right\1769774267.064838.png,1,_1_right
_1_right\1769774267.144877.png,1,_1_right
_1_right\1769774267.274537.png,1,_1_right
_1_right\1769774267.352107.png,1,_1_right
_1_right\1769774267.453009.png,1,_1_right
_1_right\1769774267.542494.png,1,_1_right
_1_right\1769774267.661106.png,1,_1_right
_1_right\1769774267.731315.png,1,_1_right
_1_right\1769774267.799723.png,1,_1_right
_1_right\1769774267.892381.png,1,_1_right
_1_right\1769774268.018965.png,1,_1_right
_1_right\1769774268.088563.png,1,_1_right
_1_right\1769774268.220803.png,1,_1_right
_1_right\1769774268.321910.png,1,_1_right
_1_right\1769774268.402771.png,1,_1_right
_1_right\1769774268.501935.png,1,_1_right
_1_right\1769774268.582710.png,1,_1_right
_1_right\1769774268.710224.png,1,_1_right
_1_right\1769774268.816168.png,1,_1_right
_1_right\1769774268.910745.png,1,_1_right
_1_right\1769774268.974507.png,1,_1_right
_1_right\1769774269.061269.png,1,_1_right
_1_right\1769774269.199699.png,1,_1_right
_1_right\1769774269.258139.png,1,_1_right
_1_right\1769774269.353635.png,1,_1_right
_1_right\1769774269.434188.png,1,_1_right
_1_right\1769774269.496939.png,1,_1_right
_1_right\1769774269.604413.png,1,_1_right
_1_right\1769774269.673463.png,1,_1_right
_1_right\1769774269.742230.png,1,_1_right
_1_right\1769774269.799655.png,1,_1_right
_1_right\1769774269.865107.png,1,_1_right
_1_right\1769774269.942742.png,1,_1_right
_1_right\1769774270.004313.png,1,_1_right
_1_right\1769774270.083463.png,1,_1_right
_1_right\1769774270.168586.png,1,_1_right
_1_right\1769774270.253414.png,1,_1_right
_1_right\1769774270.371654.png,1,_1_right
_1_right\1769774270.483439.png,1,_1_right
_1_right\1769774270.580943.png,1,_1_right
_1_right\1769774270.675090.png,1,_1_right
_1_right\1769774270.767272.png,1,_1_right
_1_right\1769774270.888885.png,1,_1_right
_1_right\1769774270.972718.png,1,_1_right
_1_right\1769774271.055593.png,1,_1_right
_1_right\1769774271.124938.png,1,_1_right
_1_right\1769774271.201877.png,1,_1_right
_1_right\1769774271.300185.png,1,_1_right
_1_right\1769774271.359393.png,1,_1_right
_1_right\1769774271.438893.png,1,_1_right
_1_right\1769774271.516519.png,1,_1_right
_1_right\1769774271.632451.png,1,_1_right
_1_right\1769774271.718532.png,1,_1_right
_1_right\1769774271.774626.png,1,_1_right
_1_right\1769774271.886517.png,1,_1_right
_1_right\1769774271.980140.png,1,_1_right
_1_right\1769774272.075117.png,1,_1_right
_1_right\1769774272.138971.png,1,_1_right
_1_right\1769774272.264925.png,1,_1_right
_1_right\1769774272.387807.png,1,_1_right
_1_right\1769774272.472106.png,1,_1_right
_1_right\1769774272.631690.png,1,_1_right
_1_right\1769774272.761600.png,1,_1_right
_1_right\1769774272.901851.png,1,_1_right
_1_right\1769774272.987968.png,1,_1_right
_1_right\1769774273.114351.png,1,_1_right
_1_right\1769774273.188641.png,1,_1_right
_1_right\1769774273.284460.png,1,_1_right
_1_right\1769774273.412466.png,1,_1_right
_1_right\1769774273.501658.png,1,_1_right
_1_right\1769774273.633263.png,1,_1_right
_1_right\1769774273.754819.png,1,_1_right
_1_right\1769774273.833411.png,1,_1_right
_1_right\1769774273.989143.png,1,_1_right
_1_right\1769774274.073282.png,1,_1_right
_1_right\1769774274.165488.png,1,_1_right
_1_right\1769774274.241520.png,1,_1_right
_1_right\1769774274.339715.png,1,_1_right
_1_right\1769774275.800170.png,1,_1_right
_1_right\1769774275.897644.png,1,_1_right
_1_right\1769774275.983603.png,1,_1_right
_1_right\1769774276.086026.png,1,_1_right
_1_right\1769774276.164485.png,1,_1_right
_1_right\1769774276.265619.png,1,_1_right
_1_right\1769774276.328552.png,1,_1_right
_1_right\1769774276.412097.png,1,_1_right
_1_right\1769774276.515935.png,1,_1_right
_1_right\1769774276.592789.png,1,_1_right
_1_right\1769774276.650299.png,1,_1_right
_1_right\1769774276.723068.png,1,_1_right
_1_right\1769774276.805392.png,1,_1_right
_1_right\1769774276.864377.png,1,_1_right
_1_right\1769774276.955831.png,1,_1_right
_1_right\1769774277.056300.png,1,_1_right
_1_right\1769774277.122286.png,1,_1_right
_1_right\1769774277.214277.png,1,_1_right
_1_right\1769774277.360964.png,1,_1_right
_1_right\1769774277.455059.png,1,_1_right
_1_right\1769774277.549165.png,1,_1_right
_1_right\1769774277.667808.png,1,_1_right
_1_right\1769774277.766373.png,1,_1_right
_1_right\1769774277.882878.png,1,_1_right
_1_right\1769774277.960778.png,1,_1_right
_1_right\1769774278.074617.png,1,_1_right
_1_right\1769774278.154305.png,1,_1_right
_1_right\1769774278.265642.png,1,_1_right
_1_right\1769774278.359167.png,1,_1_right
_1_right\1769774278.470845.png,1,_1_right
_1_right\1769774290.797343.png,1,_1_right
_1_right\1769774291.035331.png,1,_1_right
_1_right\1769774291.146572.png,1,_1_right
_1_right\1769774291.285405.png,1,_1_right
_1_right\1769774291.373130.png,1,_1_right
_1_right\1769774291.462446.png,1,_1_right
_1_right\1769774291.543568.png,1,_1_right
_1_right\1769774291.622918.png,1,_1_right
_1_right\1769774291.749481.png,1,_1_right
_1_right\1769774291.877708.png,1,_1_right
_1_right\1769774294.832465.png,1,_1_right
_1_right\1769774294.970003.png,1,_1_right
_1_right\1769774295.080380.png,1,_1_right
_1_right\1769774295.207352.png,1,_1_right
_1_right\1769774295.335028.png,1,_1_right
_1_right\1769774295.458158.png,1,_1_right
_1_right\1769774297.194644.png,1,_1_right
_1_right\1769774297.305561.png,1,_1_right
_1_right\1769774297.416198.png,1,_1_right
_1_right\1769774297.527352.png,1,_1_right
_1_right\1769774297.729777.png,1,_1_right
_1_right\1769774297.861175.png,1,_1_right
_1_right\1769774299.280167.png,1,_1_right
_1_right\1769774299.373812.png,1,_1_right
_1_right\1769774299.787668.png,1,_1_right
_1_right\1769774299.879990.png,1,_1_right
_1_right\1769774299.974100.png,1,_1_right
_1_right\1769774300.115190.png,1,_1_right
_1_right\1769774300.221052.png,1,_1_right
_1_right\1769774300.327431.png,1,_1_right
_1_right\1769774300.434909.png,1,_1_right
_1_right\1769774300.518336.png,1,_1_right
_1_right\1769774300.632801.png,1,_1_right
_1_right\1769774300.739875.png,1,_1_right
_1_right\1769774300.836251.png,1,_1_right
_1_right\1769774300.964169.png,1,_1_right
_1_right\1769774301.203302.png,1,_1_right
_1_right\1769774301.298937.png,1,_1_right
_1_right\1769774301.394092.png,1,_1_right
_1_right\1769774301.506710.png,1,_1_right
_1_right\1769774301.604698.png,1,_1_right
_1_right\1769774301.668991.png,1,_1_right
_1_right\1769774301.729399.png,1,_1_right
_1_right\1769774301.822009.png,1,_1_right
_1_right\1769774301.918357.png,1,_1_right
_1_right\1769774301.997703.png,1,_1_right
_1_right\1769774302.093554.png,1,_1_right
_1_right\1769774302.173284.png,1,_1_right
_1_right\1769774302.273060.png,1,_1_right
_1_right\1769774302.349494.png,1,_1_right
_1_right\1769774302.474477.png,1,_1_right
_1_right\1769774302.567098.png,1,_1_right
_1_right\1769774302.652168.png,1,_1_right
_1_right\1769774302.746006.png,1,_1_right
_1_right\1769774302.859410.png,1,_1_right
_1_right\1769774302.939171.png,1,_1_right
_1_right\1769774302.988556.png,1,_1_right
_1_right\1769774303.101710.png,1,_1_right
_1_right\1769774303.225532.png,1,_1_right
_1_right\1769774303.304739.png,1,_1_right
_1_right\1769774303.446614.png,1,_1_right
_1_right\1769774303.601053.png,1,_1_right
_1_right\1769774303.718431.png,1,_1_right
_1_right\1769774303.860056.png,1,_1_right
_1_right\1769774303.955870.png,1,_1_right
_1_right\1769774304.036722.png,1,_1_right
_1_right\1769774304.144605.png,1,_1_right
_1_right\1769774304.256129.png,1,_1_right
_1_right\1769774304.370104.png,1,_1_right
_1_right\1769774304.434467.png,1,_1_right
_1_right\1769774304.589177.png,1,_1_right
_1_right\1769774304.653189.png,1,_1_right
_1_right\1769774304.718116.png,1,_1_right
_1_right\1769774304.798174.png,1,_1_right
_1_right\1769774304.908640.png,1,_1_right
_1_right\1769774304.988775.png,1,_1_right
_1_right\1769774305.089946.png,1,_1_right
_1_right\1769774305.168483.png,1,_1_right
_1_right\1769774305.226186.png,1,_1_right
_1_right\1769774305.307568.png,1,_1_right
_1_right\1769774305.393858.png,1,_1_right
_1_right\1769774305.472626.png,1,_1_right
_1_right\1769774305.552706.png,1,_1_right
_1_right\1769774305.638561.png,1,_1_right
_1_right\1769774305.754591.png,1,_1_right
_1_right\1769774305.876746.png,1,_1_right
_1_right\1769774305.955287.png,1,_1_right
_1_right\1769774306.039431.png,1,_1_right
_1_right\1769774306.201118.png,1,_1_right
_1_right\1769774306.280839.png,1,_1_right
_1_right\1769774306.356281.png,1,_1_right
_1_right\1769774306.419035.png,1,_1_right
_1_right\1769774306.518541.png,1,_1_right
_1_right\1769774306.621971.png,1,_1_right
_1_right\1769774306.692147.png,1,_1_right
_1_right\1769774306.774733.png,1,_1_right
_1_right\1769774306.851690.png,1,_1_right
_1_right\1769774306.947583.png,1,_1_right
_1_right\1769774307.045587.png,1,_1_right
_1_right\1769774307.139357.png,1,_1_right
_1_right\1769774307.235703.png,1,_1_right
_1_right\1769774307.339894.png,1,_1_right
_1_right\1769774307.440316.png,1,_1_right
_1_right\1769774307.510242.png,1,_1_right
_1_right\1769774307.630159.png,1,_1_right
_1_right\1769774307.741555.png,1,_1_right
_1_right\1769774307.857246.png,1,_1_right
_1_right\1769774307.930665.png,1,_1_right
_1_right\1769774308.111239.png,1,_1_right
_1_right\1769774308.202865.png,1,_1_right
_1_right\1769774308.338688.png,1,_1_right
_1_right\1769774308.442661.png,1,_1_right
_1_right\1769774308.538090.png,1,_1_right
_1_right\1769774308.648877.png,1,_1_right
_1_right\1769774308.744358.png,1,_1_right
_1_right\1769774308.827744.png,1,_1_right
_1_right\1769774308.920174.png,1,_1_right
_1_right\1769774309.000218.png,1,_1_right
_1_right\1769774309.111737.png,1,_1_right
_1_right\1769774309.224681.png,1,_1_right
_1_right\1769774309.317892.png,1,_1_right
_1_right\1769774309.414582.png,1,_1_right
_1_right\1769774309.509455.png,1,_1_right
_1_right\1769774309.614059.png,1,_1_right
_1_right\1769774311.307698.png,1,_1_right
_1_right\1769774311.403372.png,1,_1_right
_1_right\1769774311.555223.png,1,_1_right
_1_right\1769774311.656085.png,1,_1_right
_1_right\1769774311.794710.png,1,_1_right
_1_right\1769774311.872259.png,1,_1_right
_1_right\1769774311.968097.png,1,_1_right
_1_right\1769774312.069870.png,1,_1_right
_1_right\1769774312.243927.png,1,_1_right
_1_right\1769774312.338923.png,1,_1_right
_1_right\1769774312.456160.png,1,_1_right
_1_right\1769774312.553462.png,1,_1_right
_1_right\1769774312.660571.png,1,_1_right
_1_right\1769774312.737753.png,1,_1_right
_1_right\1769774316.970815.png,1,_1_right
_1_right\1769774317.068556.png,1,_1_right
_1_right\1769774317.177703.png,1,_1_right
_1_right\1769774317.241534.png,1,_1_right
_1_right\1769774317.337136.png,1,_1_right
_1_right\1769774317.484838.png,1,_1_right
_1_right\1769774317.627494.png,1,_1_right
_1_right\1769774317.686522.png,1,_1_right
_1_right\1769774317.802445.png,1,_1_right
_1_right\1769774317.891967.png,1,_1_right
_1_right\1769774318.018947.png,1,_1_right
_1_right\1769774318.171607.png,1,_1_right
_1_right\1769774318.248585.png,1,_1_right
_1_right\1769774318.336731.png,1,_1_right
_1_right\1769774318.416724.png,1,_1_right
_1_right\1769774318.560952.png,1,_1_right
_1_right\1769774327.081757.png,1,_1_right
_1_right\1769774327.179027.png,1,_1_right
_1_right\1769774327.310934.png,1,_1_right
_1_right\1769774327.389501.png,1,_1_right
_1_right\1769774327.469581.png,1,_1_right
_1_right\1769774327.556722.png,1,_1_right
_1_right\1769774327.636526.png,1,_1_right
_1_right\1769774327.721977.png,1,_1_right
_1_right\1769774330.853855.png,1,_1_right
_1_right\1769774330.968348.png,1,_1_right
_1_right\1769774331.070121.png,1,_1_right
_1_right\1769774331.183182.png,1,_1_right
_1_right\1769774331.327942.png,1,_1_right
_1_right\1769774331.503329.png,1,_1_right
_1_right\1769774331.600901.png,1,_1_right
_1_right\1769774331.710420.png,1,_1_right
_1_right\1769774331.812259.png,1,_1_right
_1_right\1769774331.915497.png,1,_1_right
_1_right\1769774332.020162.png,1,_1_right
_1_right\1769774332.225951.png,1,_1_right
_1_right\1769774332.369923.png,1,_1_right
_1_right\1769774332.511794.png,1,_1_right
_1_right\1769774332.626954.png,1,_1_right
_1_right\1769774332.759660.png,1,_1_right
_1_right\1769774332.903181.png,1,_1_right
_1_right\1769774333.030669.png,1,_1_right
_1_right\1769774333.128310.png,1,_1_right
_1_right\1769774333.224653.png,1,_1_right
_1_right\1769774333.303876.png,1,_1_right
_1_right\1769774333.468093.png,1,_1_right
_1_right\1769774333.808122.png,1,_1_right
_1_right\1769774333.905451.png,1,_1_right
_1_right\1769774334.012859.png,1,_1_right
_1_right\1769774334.116868.png,1,_1_right
_1_right\1769774334.512261.png,1,_1_right
_1_right\1769774334.599254.png,1,_1_right
_1_right\1769774334.700916.png,1,_1_right
_1_right\1769774334.811415.png,1,_1_right
_1_right\1769774334.891046.png,1,_1_right
_1_right\1769774334.954793.png,1,_1_right
_1_right\1769774335.099984.png,1,_1_right
_1_right\1769774335.178251.png,1,_1_right
_1_right\1769774335.321944.png,1,_1_right
_1_right\1769774335.419719.png,1,_1_right
_1_right\1769774335.487711.png,1,_1_right
_1_right\1769774335.600685.png,1,_1_right
_1_right\1769774335.655222.png,1,_1_right
_1_right\1769774335.789360.png,1,_1_right
_1_right\1769774335.881454.png,1,_1_right
_1_right\1769774335.957677.png,1,_1_right
_1_right\1769774336.067067.png,1,_1_right
_1_right\1769774336.147493.png,1,_1_right
_1_right\1769774336.243048.png,1,_1_right
_1_right\1769774336.344470.png,1,_1_right
_1_right\1769774336.436170.png,1,_1_right
_1_right\1769774336.520103.png,1,_1_right
_1_right\1769774336.638467.png,1,_1_right
_1_right\1769774336.702515.png,1,_1_right
_1_right\1769774336.809312.png,1,_1_right
_1_right\1769774336.896228.png,1,_1_right
_1_right\1769774336.991986.png,1,_1_right
_1_right\1769774337.104906.png,1,_1_right
_1_right\1769774337.270182.png,1,_1_right
_1_right\1769774337.392397.png,1,_1_right
_1_right\1769774337.485546.png,1,_1_right
_1_right\1769774337.599366.png,1,_1_right
_1_right\1769774337.703687.png,1,_1_right
_1_right\1769774337.809268.png,1,_1_right
_1_right\1769774337.886752.png,1,_1_right
_1_right\1769774338.056396.png,1,_1_right
_1_right\1769774338.151845.png,1,_1_right
_1_right\1769774338.262756.png,1,_1_right
_1_right\1769774338.373215.png,1,_1_right
_1_right\1769774338.470232.png,1,_1_right
_1_right\1769774338.579797.png,1,_1_right
_1_right\1769774338.689855.png,1,_1_right
_1_right\1769774338.757013.png,1,_1_right
_1_right\1769774338.819894.png,1,_1_right
_1_right\1769774338.920481.png,1,_1_right
_1_right\1769774338.996609.png,1,_1_right
_1_right\1769774339.059953.png,1,_1_right
_1_right\1769774339.185873.png,1,_1_right
_1_right\1769774339.290919.png,1,_1_right
_1_right\1769774339.336965.png,1,_1_right
_1_right\1769774339.459376.png,1,_1_right
_1_right\1769774339.578986.png,1,_1_right
_1_right\1769774339.712122.png,1,_1_right
_1_right\1769774339.853451.png,1,_1_right
_1_right\1769774339.966821.png,1,_1_right
_1_right\1769774340.110035.png,1,_1_right
_1_right\1769774340.189656.png,1,_1_right
_1_right\1769774340.265259.png,1,_1_right
_1_right\1769774340.369723.png,1,_1_right
_1_right\1769774340.460219.png,1,_1_right
_1_right\1769774340.570751.png,1,_1_right
_1_right\1769774340.646933.png,1,_1_right
_1_right\1769774340.730061.png,1,_1_right
_1_right\1769774340.842270.png,1,_1_right
_1_right\1769774340.931755.png,1,_1_right
_1_right\1769774341.005873.png,1,_1_right
_1_right\1769774341.081863.png,1,_1_right
_1_right\1769774341.175998.png,1,_1_right
_1_right\1769774341.248414.png,1,_1_right
_1_right\1769774341.366444.png,1,_1_right
_1_right\1769774341.503754.png,1,_1_right
_2_left\1769774091.396303.png,2,_2_left
_2_left\1769774091.480664.png,2,_2_left
_2_left\1769774091.586173.png,2,_2_left
_2_left\1769774091.629438.png,2,_2_left
_2_left\1769774091.693562.png,2,_2_left
_2_left\1769774091.793004.png,2,_2_left
_2_left\1769774091.837455.png,2,_2_left
_2_left\1769774091.945518.png,2,_2_left
_2_left\1769774091.993948.png,2,_2_left
_2_left\1769774092.105893.png,2,_2_left
_2_left\1769774092.173265.png,2,_2_left
_2_left\1769774092.273615.png,2,_2_left
_2_left\1769774092.341960.png,2,_2_left
_2_left\1769774092.406227.png,2,_2_left
_2_left\1769774092.501581.png,2,_2_left
_2_left\1769774092.565392.png,2,_2_left
_2_left\1769774092.611492.png,2,_2_left
_2_left\1769774092.675569.png,2,_2_left
_2_left\1769774092.761846.png,2,_2_left
_2_left\1769774092.817735.png,2,_2_left
_2_left\1769774092.882142.png,2,_2_left
_2_left\1769774092.961298.png,2,_2_left
_2_left\1769774093.041507.png,2,_2_left
_2_left\1769774093.096706.png,2,_2_left
_2_left\1769774093.175886.png,2,_2_left
_2_left\1769774093.263876.png,2,_2_left
_2_left\1769774093.599062.png,2,_2_left
_2_left\1769774093.668340.png,2,_2_left
_2_left\1769774093.727055.png,2,_2_left
_2_left\1769774093.823296.png,2,_2_left
_2_left\1769774093.886534.png,2,_2_left
_2_left\1769774093.991084.png,2,_2_left
_2_left\1769774094.124616.png,2,_2_left
_2_left\1769774094.189419.png,2,_2_left
_2_left\1769774094.298915.png,2,_2_left
_2_left\1769774094.379446.png,2,_2_left
_2_left\1769774094.443935.png,2,_2_left
_2_left\1769774094.523678.png,2,_2_left
_2_left\1769774094.609168.png,2,_2_left
_2_left\1769774094.673390.png,2,_2_left
_2_left\1769774094.763942.png,2,_2_left
_2_left\1769774094.847103.png,2,_2_left
_2_left\1769774094.939653.png,2,_2_left
_2_left\1769774095.021731.png,2,_2_left
_2_left\1769774095.144001.png,2,_2_left
_2_left\1769774095.233694.png,2,_2_left
_2_left\1769774095.294436.png,2,_2_left
_2_left\1769774095.372978.png,2,_2_left
_2_left\1769774095.730693.png,2,_2_left
_2_left\1769774095.791428.png,2,_2_left
_2_left\1769774095.872964.png,2,_2_left
_2_left\1769774095.959783.png,2,_2_left
_2_left\1769774096.030574.png,2,_2_left
_2_left\1769774096.115374.png,2,_2_left
_2_left\1769774096.205203.png,2,_2_left
_2_left\1769774096.284265.png,2,_2_left
_2_left\1769774096.375346.png,2,_2_left
_2_left\1769774096.460263.png,2,_2_left
_2_left\1769774096.537954.png,2,_2_left
_2_left\1769774096.617402.png,2,_2_left
_2_left\1769774096.722169.png,2,_2_left
_2_left\1769774096.808379.png,2,_2_left
_2_left\1769774096.907490.png,2,_2_left
_2_left\1769774096.967353.png,2,_2_left
_2_left\1769774097.061255.png,2,_2_left
_2_left\1769774097.238821.png,2,_2_left
_2_left\1769774097.363925.png,2,_2_left
_2_left\1769774097.427610.png,2,_2_left
_2_left\1769774097.506775.png,2,_2_left
_2_left\1769774097.572072.png,2,_2_left
_2_left\1769774097.651376.png,2,_2_left
_2_left\1769774097.729894.png,2,_2_left
_2_left\1769774097.824232.png,2,_2_left
_2_left\1769774097.929595.png,2,_2_left
_2_left\1769774097.981156.png,2,_2_left
_2_left\1769774098.044443.png,2,_2_left
_2_left\1769774098.399825.png,2,_2_left
_2_left\1769774098.523774.png,2,_2_left
_2_left\1769774098.570832.png,2,_2_left
_2_left\1769774098.669322.png,2,_2_left
_2_left\1769774098.770563.png,2,_2_left
_2_left\1769774098.857866.png,2,_2_left
_2_left\1769774098.953140.png,2,_2_left
_2_left\1769774099.015914.png,2,_2_left
_2_left\1769774099.110997.png,2,_2_left
_2_left\1769774099.238957.png,2,_2_left
_2_left\1769774099.365010.png,2,_2_left
_2_left\1769774099.444822.png,2,_2_left
_2_left\1769774099.508810.png,2,_2_left
_2_left\1769774099.587216.png,2,_2_left
_2_left\1769774099.667007.png,2,_2_left
_2_left\1769774099.794439.png,2,_2_left
_2_left\1769774099.920566.png,2,_2_left
_2_left\1769774099.984108.png,2,_2_left
_2_left\1769774100.049569.png,2,_2_left
_2_left\1769774100.167179.png,2,_2_left
_2_left\1769774100.303124.png,2,_2_left
_2_left\1769774100.407379.png,2,_2_left
_2_left\1769774100.495015.png,2,_2_left
_2_left\1769774100.569752.png,2,_2_left
_2_left\1769774100.673881.png,2,_2_left
_2_left\1769774100.823446.png,2,_2_left
_2_left\1769774100.919453.png,2,_2_left
_2_left\1769774101.023759.png,2,_2_left
_2_left\1769774101.111932.png,2,_2_left
_2_left\1769774101.209994.png,2,_2_left
_2_left\1769774101.318458.png,2,_2_left
_2_left\1769774101.428902.png,2,_2_left
_2_left\1769774101.637160.png,2,_2_left
_2_left\1769774101.732735.png,2,_2_left
_2_left\1769774101.844016.png,2,_2_left
_2_left\1769774101.924235.png,2,_2_left
_2_left\1769774102.024463.png,2,_2_left
_2_left\1769774102.146968.png,2,_2_left
_2_left\1769774102.386351.png,2,_2_left
_2_left\1769774102.471519.png,2,_2_left
_2_left\1769774102.561219.png,2,_2_left
_2_left\1769774102.624895.png,2,_2_left
_2_left\1769774102.689237.png,2,_2_left
_2_left\1769774102.772248.png,2,_2_left
_2_left\1769774102.898791.png,2,_2_left
_2_left\1769774102.968708.png,2,_2_left
_2_left\1769774103.072560.png,2,_2_left
_2_left\1769774103.177033.png,2,_2_left
_2_left\1769774103.259407.png,2,_2_left
_2_left\1769774103.322261.png,2,_2_left
_2_left\1769774103.395301.png,2,_2_left
_2_left\1769774103.457596.png,2,_2_left
_2_left\1769774103.589609.png,2,_2_left
_2_left\1769774103.656431.png,2,_2_left
_2_left\1769774103.734921.png,2,_2_left
_2_left\1769774103.809538.png,2,_2_left
_2_left\1769774103.893452.png,2,_2_left
_2_left\1769774103.968360.png,2,_2_left
_2_left\1769774104.073764.png,2,_2_left
_2_left\1769774104.175914.png,2,_2_left
_2_left\1769774104.261097.png,2,_2_left
_2_left\1769774104.347432.png,2,_2_left
_2_left\1769774104.465568.png,2,_2_left
_2_left\1769774104.559656.png,2,_2_left
_2_left\1769774104.671799.png,2,_2_left
_2_left\1769774104.735842.png,2,_2_left
_2_left\1769774104.842141.png,2,_2_left
_2_left\1769774104.909382.png,2,_2_left
_2_left\1769774105.003697.png,2,_2_left
_2_left\1769774105.115146.png,2,_2_left
_2_left\1769774105.242695.png,2,_2_left
_2_left\1769774105.355195.png,2,_2_left
_2_left\1769774105.533141.png,2,_2_left
_2_left\1769774105.676570.png,2,_2_left
_2_left\1769774105.876517.png,2,_2_left
_2_left\1769774106.031258.png,2,_2_left
_2_left\1769774106.166318.png,2,_2_left
_2_left\1769774106.310689.png,2,_2_left
_2_left\1769774106.406729.png,2,_2_left
_2_left\1769774106.483551.png,2,_2_left
_2_left\1769774106.547531.png,2,_2_left
_2_left\1769774106.707082.png,2,_2_left
_2_left\1769774106.850597.png,2,_2_left
_2_left\1769774106.961705.png,2,_2_left
_2_left\1769774107.020389.png,2,_2_left
_2_left\1769774107.145546.png,2,_2_left
_2_left\1769774107.349415.png,2,_2_left
_2_left\1769774107.453403.png,2,_2_left
_2_left\1769774107.533929.png,2,_2_left
_2_left\1769774107.630780.png,2,_2_left
_2_left\1769774107.710506.png,2,_2_left
_2_left\1769774107.780383.png,2,_2_left
_2_left\1769774107.869764.png,2,_2_left
_2_left\1769774107.978338.png,2,_2_left
_2_left\1769774108.087596.png,2,_2_left
_2_left\1769774108.167557.png,2,_2_left
_2_left\1769774108.215612.png,2,_2_left
_2_left\1769774108.305376.png,2,_2_left
_2_left\1769774108.392283.png,2,_2_left
_2_left\1769774108.474482.png,2,_2_left
_2_left\1769774108.582388.png,2,_2_left
_2_left\1769774108.664083.png,2,_2_left
_2_left\1769774108.762028.png,2,_2_left
_2_left\1769774108.830371.png,2,_2_left
_2_left\1769774108.888901.png,2,_2_left
_2_left\1769774108.962506.png,2,_2_left
_2_left\1769774109.049794.png,2,_2_left
_2_left\1769774109.148979.png,2,_2_left
_2_left\1769774109.214384.png,2,_2_left
_2_left\1769774109.330417.png,2,_2_left
_2_left\1769774109.431694.png,2,_2_left
_2_left\1769774109.485166.png,2,_2_left
_2_left\1769774109.691707.png,2,_2_left
_2_left\1769774109.803390.png,2,_2_left
_2_left\1769774109.867025.png,2,_2_left
_2_left\1769774109.931930.png,2,_2_left
_2_left\1769774110.022309.png,2,_2_left
_2_left\1769774110.105932.png,2,_2_left
_2_left\1769774110.193281.png,2,_2_left
_2_left\1769774110.248416.png,2,_2_left
_2_left\1769774110.349699.png,2,_2_left
_2_left\1769774110.435816.png,2,_2_left
_2_left\1769774110.527753.png,2,_2_left
_2_left\1769774110.586077.png,2,_2_left
_2_left\1769774110.646919.png,2,_2_left
_2_left\1769774110.744867.png,2,_2_left
_2_left\1769774110.808289.png,2,_2_left
_2_left\1769774110.869003.png,2,_2_left
_2_left\1769774114.998716.png,2,_2_left
_2_left\1769774115.138107.png,2,_2_left
_2_left\1769774115.252471.png,2,_2_left
_2_left\1769774115.393387.png,2,_2_left
_2_left\1769774115.753214.png,2,_2_left
_2_left\1769774115.842320.png,2,_2_left
_2_left\1769774115.967938.png,2,_2_left
_2_left\1769774116.047348.png,2,_2_left
_2_left\1769774116.110514.png,2,_2_left
_2_left\1769774116.212162.png,2,_2_left
_2_left\1769774116.302343.png,2,_2_left
_2_left\1769774116.414976.png,2,_2_left
_2_left\1769774116.541169.png,2,_2_left
_2_left\1769774122.625459.png,2,_2_left
_2_left\1769774122.691760.png,2,_2_left
_2_left\1769774123.755661.png,2,_2_left
_2_left\1769774123.838728.png,2,_2_left
_2_left\1769774123.920632.png,2,_2_left
_2_left\1769774124.008466.png,2,_2_left
_2_left\1769774124.198339.png,2,_2_left
_2_left\1769774124.261922.png,2,_2_left
_2_left\1769774124.359641.png,2,_2_left
_2_left\1769774129.215075.png,2,_2_left
_2_left\1769774129.362257.png,2,_2_left
_2_left\1769774129.473028.png,2,_2_left
_2_left\1769774129.570765.png,2,_2_left
_2_left\1769774129.647446.png,2,_2_left
_2_left\1769774129.793194.png,2,_2_left
_2_left\1769774129.870459.png,2,_2_left
_2_left\1769774129.965321.png,2,_2_left
_2_left\1769774130.046043.png,2,_2_left
_2_left\1769774130.126425.png,2,_2_left
_2_left\1769774130.189218.png,2,_2_left
_2_left\1769774130.272653.png,2,_2_left
_2_left\1769774130.362646.png,2,_2_left
_2_left\1769774130.442380.png,2,_2_left
_2_left\1769774130.522836.png,2,_2_left
_2_left\1769774130.617559.png,2,_2_left
_2_left\1769774130.717058.png,2,_2_left
_2_left\1769774130.824910.png,2,_2_left
_2_left\1769774130.919369.png,2,_2_left
_2_left\1769774131.031400.png,2,_2_left
_2_left\1769774131.118232.png,2,_2_left
_2_left\1769774131.225566.png,2,_2_left
_2_left\1769774131.318881.png,2,_2_left
_2_left\1769774132.175756.png,2,_2_left
_2_left\1769774132.223255.png,2,_2_left
_2_left\1769774132.341037.png,2,_2_left
_2_left\1769774132.428586.png,2,_2_left
_2_left\1769774132.523622.png,2,_2_left
_2_left\1769774132.620215.png,2,_2_left
_2_left\1769774132.698619.png,2,_2_left
_2_left\1769774132.762945.png,2,_2_left
_2_left\1769774132.842968.png,2,_2_left
_2_left\1769774132.938491.png,2,_2_left
_2_left\1769774134.296962.png,2,_2_left
_2_left\1769774134.375540.png,2,_2_left
_2_left\1769774134.461876.png,2,_2_left
_2_left\1769774134.558716.png,2,_2_left
_2_left\1769774134.668886.png,2,_2_left
_2_left\1769774134.747053.png,2,_2_left
_2_left\1769774135.147294.png,2,_2_left
_2_left\1769774135.226763.png,2,_2_left
_2_left\1769774135.308974.png,2,_2_left
_2_left\1769774135.425152.png,2,_2_left
_2_left\1769774135.535633.png,2,_2_left
_2_left\1769774135.642345.png,2,_2_left
_2_left\1769774135.743443.png,2,_2_left
_2_left\1769774135.832500.png,2,_2_left
_2_left\1769774136.008440.png,2,_2_left
_2_left\1769774136.105012.png,2,_2_left
_2_left\1769774136.207792.png,2,_2_left
_2_left\1769774136.309950.png,2,_2_left
_2_left\1769774136.374689.png,2,_2_left
_2_left\1769774136.458220.png,2,_2_left
_2_left\1769774136.562809.png,2,_2_left
_2_left\1769774136.657271.png,2,_2_left
_2_left\1769774136.727774.png,2,_2_left
_2_left\1769774136.864207.png,2,_2_left
_2_left\1769774136.962075.png,2,_2_left
_2_left\1769774137.054999.png,2,_2_left
_2_left\1769774137.136137.png,2,_2_left
_2_left\1769774137.198221.png,2,_2_left
_2_left\1769774137.312508.png,2,_2_left
_2_left\1769774137.437526.png,2,_2_left
_2_left\1769774137.515814.png,2,_2_left
_2_left\1769774137.595949.png,2,_2_left
_2_left\1769774137.707143.png,2,_2_left
_2_left\1769774137.803108.png,2,_2_left
_2_left\1769774137.914995.png,2,_2_left
_2_left\1769774138.012700.png,2,_2_left
_2_left\1769774138.124677.png,2,_2_left
_2_left\1769774138.281276.png,2,_2_left
_2_left\1769774138.386804.png,2,_2_left
_2_left\1769774140.163885.png,2,_2_left
_2_left\1769774140.243864.png,2,_2_left
_2_left\1769774140.321990.png,2,_2_left
_2_left\1769774140.425036.png,2,_2_left
_2_left\1769774140.466654.png,2,_2_left
_2_left\1769774140.556699.png,2,_2_left
_2_left\1769774140.625355.png,2,_2_left
_2_left\1769774140.775526.png,2,_2_left
_2_left\1769774140.960828.png,2,_2_left
_2_left\1769774141.010089.png,2,_2_left
_2_left\1769774141.087873.png,2,_2_left
_2_left\1769774141.167159.png,2,_2_left
_2_left\1769774141.262887.png,2,_2_left
_2_left\1769774141.326331.png,2,_2_left
_2_left\1769774141.392186.png,2,_2_left
_2_left\1769774141.458599.png,2,_2_left
_2_left\1769774141.531739.png,2,_2_left
_2_left\1769774141.675813.png,2,_2_left
_2_left\1769774141.754936.png,2,_2_left
_2_left\1769774141.815434.png,2,_2_left
_2_left\1769774141.913509.png,2,_2_left
_2_left\1769774141.977149.png,2,_2_left
_2_left\1769774142.056806.png,2,_2_left
_2_left\1769774142.127072.png,2,_2_left
_2_left\1769774142.184829.png,2,_2_left
_2_left\1769774142.280743.png,2,_2_left
_2_left\1769774142.360011.png,2,_2_left
_2_left\1769774142.445156.png,2,_2_left
_2_left\1769774142.503695.png,2,_2_left
_2_left\1769774142.567501.png,2,_2_left
_2_left\1769774142.648011.png,2,_2_left
_2_left\1769774142.709281.png,2,_2_left
_2_left\1769774142.773569.png,2,_2_left
_2_left\1769774142.838832.png,2,_2_left
_2_left\1769774142.940984.png,2,_2_left
_2_left\1769774143.005839.png,2,_2_left
_2_left\1769774143.075768.png,2,_2_left
_2_left\1769774143.156746.png,2,_2_left
_2_left\1769774143.238716.png,2,_2_left
_2_left\1769774143.310240.png,2,_2_left
_2_left\1769774143.378368.png,2,_2_left
_2_left\1769774143.478416.png,2,_2_left
_2_left\1769774143.624520.png,2,_2_left
_2_left\1769774143.744677.png,2,_2_left
_2_left\1769774143.823584.png,2,_2_left
_2_left\1769774149.559260.png,2,_2_left
_2_left\1769774149.665583.png,2,_2_left
_2_left\1769774149.760893.png,2,_2_left
_2_left\1769774149.849575.png,2,_2_left
_2_left\1769774149.950070.png,2,_2_left
_2_left\1769774150.029594.png,2,_2_left
_2_left\1769774150.110374.png,2,_2_left
_2_left\1769774150.188571.png,2,_2_left
_2_left\1769774150.268413.png,2,_2_left
_2_left\1769774150.357090.png,2,_2_left
_2_left\1769774150.427255.png,2,_2_left
_2_left\1769774150.525848.png,2,_2_left
_2_left\1769774150.640596.png,2,_2_left
_2_left\1769774150.711360.png,2,_2_left
_2_left\1769774150.823719.png,2,_2_left
_2_left\1769774150.892653.png,2,_2_left
_2_left\1769774150.966802.png,2,_2_left
_2_left\1769774151.052225.png,2,_2_left
_2_left\1769774151.162928.png,2,_2_left
_2_left\1769774151.268468.png,2,_2_left
_2_left\1769774151.380501.png,2,_2_left
_2_left\1769774151.439294.png,2,_2_left
_2_left\1769774151.539494.png,2,_2_left
_2_left\1769774151.651726.png,2,_2_left
_2_left\1769774151.744421.png,2,_2_left
_2_left\1769774151.792080.png,2,_2_left
_2_left\1769774151.893496.png,2,_2_left
_2_left\1769774152.000208.png,2,_2_left
_2_left\1769774152.077919.png,2,_2_left
_2_left\1769774152.158093.png,2,_2_left
_2_left\1769774152.230530.png,2,_2_left
_2_left\1769774152.359379.png,2,_2_left
_2_left\1769774152.427405.png,2,_2_left
_2_left\1769774154.946407.png,2,_2_left
_2_left\1769774155.042130.png,2,_2_left
_2_left\1769774155.137691.png,2,_2_left
_2_left\1769774155.230479.png,2,_2_left
_2_left\1769774155.331565.png,2,_2_left
_2_left\1769774155.422753.png,2,_2_left
_2_left\1769774155.486802.png,2,_2_left
_2_left\1769774155.581439.png,2,_2_left
_2_left\1769774155.661239.png,2,_2_left
_2_left\1769774155.790029.png,2,_2_left
_2_left\1769774155.851766.png,2,_2_left
_2_left\1769774155.915654.png,2,_2_left
_2_left\1769774155.994914.png,2,_2_left
_2_left\1769774156.078114.png,2,_2_left
_2_left\1769774156.225363.png,2,_2_left
_2_left\1769774156.330123.png,2,_2_left
_2_left\1769774156.423626.png,2,_2_left
_2_left\1769774156.520085.png,2,_2_left
_2_left\1769774156.646518.png,2,_2_left
_2_left\1769774156.762362.png,2,_2_left
_2_left\1769774156.862520.png,2,_2_left
_2_left\1769774157.014092.png,2,_2_left
_2_left\1769774157.138925.png,2,_2_left
_2_left\1769774157.237854.png,2,_2_left
_2_left\1769774157.346255.png,2,_2_left
_2_left\1769774157.479154.png,2,_2_left
_2_left\1769774157.632251.png,2,_2_left
_2_left\1769774157.757997.png,2,_2_left
_2_left\1769774157.838587.png,2,_2_left
_2_left\1769774157.995073.png,2,_2_left
_2_left\1769774159.622869.png,2,_2_left
_2_left\1769774159.701749.png,2,_2_left
_2_left\1769774159.810084.png,2,_2_left
_2_left\1769774159.897033.png,2,_2_left
_2_left\1769774160.010546.png,2,_2_left
_2_left\1769774160.087703.png,2,_2_left
_2_left\1769774160.246288.png,2,_2_left
_2_left\1769774160.340984.png,2,_2_left
_2_left\1769774160.453858.png,2,_2_left
_2_left\1769774160.515893.png,2,_2_left
_2_left\1769774160.613723.png,2,_2_left
_2_left\1769774160.703681.png,2,_2_left
_2_left\1769774160.800584.png,2,_2_left
_2_left\1769774160.928715.png,2,_2_left
_2_left\1769774161.088038.png,2,_2_left
_2_left\1769774161.229883.png,2,_2_left
_2_left\1769774161.372135.png,2,_2_left
_2_left\1769774161.744060.png,2,_2_left
_2_left\1769774161.832732.png,2,_2_left
_2_left\1769774161.896102.png,2,_2_left
_2_left\1769774161.986139.png,2,_2_left
_2_left\1769774162.057764.png,2,_2_left
_2_left\1769774162.150067.png,2,_2_left
_2_left\1769774162.228161.png,2,_2_left
_2_left\1769774162.361581.png,2,_2_left
_2_left\1769774162.450813.png,2,_2_left
_2_left\1769774162.593719.png,2,_2_left
_2_left\1769774162.705083.png,2,_2_left
_2_left\1769774162.785329.png,2,_2_left
_2_left\1769774162.879099.png,2,_2_left
_2_left\1769774162.960378.png,2,_2_left
_2_left\1769774163.054583.png,2,_2_left
_2_left\1769774163.134097.png,2,_2_left
_2_left\1769774163.223671.png,2,_2_left
_2_left\1769774163.309282.png,2,_2_left
_2_left\1769774163.404509.png,2,_2_left
_2_left\1769774163.548266.png,2,_2_left
_2_left\1769774163.628827.png,2,_2_left
_2_left\1769774163.723518.png,2,_2_left
_2_left\1769774163.850238.png,2,_2_left
_2_left\1769774163.991931.png,2,_2_left
_2_left\1769774164.103176.png,2,_2_left
_2_left\1769774164.206246.png,2,_2_left
_2_left\1769774164.611098.png,2,_2_left
_2_left\1769774164.698146.png,2,_2_left
_2_left\1769774164.754121.png,2,_2_left
_2_left\1769774164.846001.png,2,_2_left
_2_left\1769774164.977478.png,2,_2_left
_2_left\1769774165.055711.png,2,_2_left
_2_left\1769774165.183089.png,2,_2_left
_2_left\1769774165.310682.png,2,_2_left
_2_left\1769774165.406647.png,2,_2_left
_2_left\1769774165.498552.png,2,_2_left
_2_left\1769774165.614249.png,2,_2_left
_2_left\1769774165.709976.png,2,_2_left
_2_left\1769774165.826761.png,2,_2_left
_2_left\1769774165.901299.png,2,_2_left
_2_left\1769774166.043214.png,2,_2_left
_2_left\1769774166.162913.png,2,_2_left
_2_left\1769774166.279449.png,2,_2_left
_2_left\1769774166.358760.png,2,_2_left
_2_left\1769774166.486146.png,2,_2_left
_2_left\1769774166.549633.png,2,_2_left
_2_left\1769774166.629059.png,2,_2_left
_2_left\1769774166.723495.png,2,_2_left
_2_left\1769774166.790580.png,2,_2_left
_2_left\1769774166.852088.png,2,_2_left
_2_left\1769774166.964152.png,2,_2_left
_2_left\1769774167.065846.png,2,_2_left
_2_left\1769774167.139303.png,2,_2_left
_2_left\1769774167.258698.png,2,_2_left
_2_left\1769774167.376133.png,2,_2_left
_2_left\1769774167.471172.png,2,_2_left
_2_left\1769774167.535288.png,2,_2_left
_2_left\1769774167.598742.png,2,_2_left
_2_left\1769774167.694655.png,2,_2_left
_2_left\1769774167.779352.png,2,_2_left
_2_left\1769774167.887825.png,2,_2_left
_2_left\1769774167.980144.png,2,_2_left
_2_left\1769774176.599383.png,2,_2_left
_2_left\1769774176.699599.png,2,_2_left
_2_left\1769774176.858495.png,2,_2_left
_2_left\1769774176.944895.png,2,_2_left
_2_left\1769774177.032901.png,2,_2_left
_2_left\1769774177.168332.png,2,_2_left
_2_left\1769774177.317130.png,2,_2_left
_2_left\1769774177.400454.png,2,_2_left
_2_left\1769774177.502461.png,2,_2_left
_2_left\1769774177.612056.png,2,_2_left
_2_left\1769774177.669648.png,2,_2_left
_2_left\1769774177.829036.png,2,_2_left
_2_left\1769774177.924348.png,2,_2_left
_2_left\1769774178.024720.png,2,_2_left
_2_left\1769774178.111735.png,2,_2_left
_2_left\1769774178.228717.png,2,_2_left
_2_left\1769774178.340543.png,2,_2_left
_2_left\1769774178.434613.png,2,_2_left
_2_left\1769774178.514777.png,2,_2_left
_2_left\1769774178.602491.png,2,_2_left
_2_left\1769774178.690544.png,2,_2_left
_2_left\1769774178.849574.png,2,_2_left
_2_left\1769774178.941417.png,2,_2_left
_2_left\1769774182.153765.png,2,_2_left
_2_left\1769774182.590146.png,2,_2_left
_2_left\1769774182.676397.png,2,_2_left
_2_left\1769774182.777271.png,2,_2_left
_2_left\1769774182.973328.png,2,_2_left
_2_left\1769774183.044093.png,2,_2_left
_2_left\1769774183.105141.png,2,_2_left
_2_left\1769774183.212326.png,2,_2_left
_2_left\1769774183.312405.png,2,_2_left
_2_left\1769774183.391696.png,2,_2_left
_2_left\1769774186.639891.png,2,_2_left
_2_left\1769774186.734786.png,2,_2_left
_2_left\1769774186.800445.png,2,_2_left
_2_left\1769774186.893569.png,2,_2_left
_2_left\1769774186.988994.png,2,_2_left
_2_left\1769774187.062118.png,2,_2_left
_2_left\1769774187.136784.png,2,_2_left
_2_left\1769774187.213258.png,2,_2_left
_2_left\1769774187.305419.png,2,_2_left
_2_left\1769774187.382716.png,2,_2_left
_2_left\1769774187.481019.png,2,_2_left
_2_left\1769774187.595857.png,2,_2_left
_2_left\1769774187.657046.png,2,_2_left
_2_left\1769774187.758443.png,2,_2_left
_2_left\1769774187.831121.png,2,_2_left
_2_left\1769774187.910960.png,2,_2_left
_2_left\1769774187.974904.png,2,_2_left
_2_left\1769774188.053972.png,2,_2_left
_2_left\1769774188.166088.png,2,_2_left
_2_left\1769774188.262845.png,2,_2_left
_2_left\1769774188.341593.png,2,_2_left
_2_left\1769774188.453403.png,2,_2_left
_2_left\1769774188.557620.png,2,_2_left
_2_left\1769774188.630421.png,2,_2_left
_2_left\1769774188.707880.png,2,_2_left
_2_left\1769774188.803928.png,2,_2_left
_2_left\1769774188.881455.png,2,_2_left
_2_left\1769774188.964077.png,2,_2_left
_2_left\1769774189.056834.png,2,_2_left
_2_left\1769774189.169405.png,2,_2_left
_2_left\1769774189.215720.png,2,_2_left
_2_left\1769774190.215421.png,2,_2_left
_2_left\1769774190.379115.png,2,_2_left
_2_left\1769774190.613344.png,2,_2_left
_2_left\1769774190.804978.png,2,_2_left
_2_left\1769774190.882545.png,2,_2_left
_2_left\1769774190.935430.png,2,_2_left
_2_left\1769774191.043535.png,2,_2_left
_2_left\1769774191.137804.png,2,_2_left
_2_left\1769774191.212414.png,2,_2_left
_2_left\1769774191.276721.png,2,_2_left
_2_left\1769774191.398655.png,2,_2_left
_2_left\1769774191.470830.png,2,_2_left
_2_left\1769774191.580050.png,2,_2_left
_2_left\1769774191.681943.png,2,_2_left
_2_left\1769774191.755428.png,2,_2_left
_2_left\1769774191.836445.png,2,_2_left
_2_left\1769774191.909043.png,2,_2_left
_2_left\1769774191.975571.png,2,_2_left
_2_left\1769774192.094069.png,2,_2_left
_2_left\1769774192.217824.png,2,_2_left
_2_left\1769774192.528922.png,2,_2_left
_2_left\1769774192.624157.png,2,_2_left
_2_left\1769774192.704978.png,2,_2_left
_2_left\1769774192.831120.png,2,_2_left
_2_left\1769774192.894025.png,2,_2_left
_2_left\1769774192.981310.png,2,_2_left
_2_left\1769774193.085261.png,2,_2_left
_2_left\1769774193.185428.png,2,_2_left
_2_left\1769774193.251393.png,2,_2_left
_2_left\1769774193.344005.png,2,_2_left
_2_left\1769774193.420510.png,2,_2_left
_2_left\1769774193.488881.png,2,_2_left
_2_left\1769774193.552967.png,2,_2_left
_2_left\1769774193.654603.png,2,_2_left
_2_left\1769774193.728545.png,2,_2_left
_2_left\1769774193.798453.png,2,_2_left
_2_left\1769774193.878946.png,2,_2_left
_2_left\1769774193.934782.png,2,_2_left
_2_left\1769774195.073925.png,2,_2_left
_2_left\1769774195.133790.png,2,_2_left
_2_left\1769774195.212473.png,2,_2_left
_2_left\1769774195.295774.png,2,_2_left
_2_left\1769774195.387622.png,2,_2_left
_2_left\1769774195.467199.png,2,_2_left
_2_left\1769774195.546300.png,2,_2_left
_2_left\1769774195.642470.png,2,_2_left
_2_left\1769774195.720800.png,2,_2_left
_2_left\1769774195.780896.png,2,_2_left
_2_left\1769774195.846389.png,2,_2_left
_2_left\1769774195.936003.png,2,_2_left
_2_left\1769774196.023027.png,2,_2_left
_2_left\1769774196.101542.png,2,_2_left
_2_left\1769774196.181118.png,2,_2_left
_2_left\1769774196.291845.png,2,_2_left
_2_left\1769774196.358170.png,2,_2_left
_2_left\1769774196.403088.png,2,_2_left
_2_left\1769774196.451412.png,2,_2_left
_2_left\1769774196.563486.png,2,_2_left
_2_left\1769774196.654656.png,2,_2_left
_2_left\1769774196.747920.png,2,_2_left
_2_left\1769774196.848439.png,2,_2_left
_2_left\1769774196.952757.png,2,_2_left
_2_left\1769774197.026672.png,2,_2_left
_2_left\1769774197.125171.png,2,_2_left
_2_left\1769774197.200234.png,2,_2_left
_2_left\1769774197.327451.png,2,_2_left
_2_left\1769774197.585958.png,2,_2_left
_2_left\1769774197.724159.png,2,_2_left
_2_left\1769774197.830271.png,2,_2_left
_2_left\1769774197.924590.png,2,_2_left
_2_left\1769774197.995610.png,2,_2_left
_2_left\1769774198.104723.png,2,_2_left
_2_left\1769774198.216518.png,2,_2_left
_2_left\1769774198.280163.png,2,_2_left
_2_left\1769774198.375294.png,2,_2_left
_2_left\1769774198.470622.png,2,_2_left
_2_left\1769774198.558795.png,2,_2_left
_2_left\1769774198.630320.png,2,_2_left
_2_left\1769774198.728995.png,2,_2_left
_2_left\1769774198.854232.png,2,_2_left
_2_left\1769774198.981664.png,2,_2_left
_2_left\1769774199.109568.png,2,_2_left
_2_left\1769774199.204888.png,2,_2_left
_2_left\1769774199.270400.png,2,_2_left
_2_left\1769774199.353944.png,2,_2_left
_2_left\1769774201.111455.png,2,_2_left
_2_left\1769774201.224010.png,2,_2_left
_2_left\1769774201.337406.png,2,_2_left
_2_left\1769774201.458849.png,2,_2_left
_2_left\1769774201.588754.png,2,_2_left
_2_left\1769774201.683079.png,2,_2_left
_2_left\1769774201.764441.png,2,_2_left
_2_left\1769774201.846346.png,2,_2_left
_2_left\1769774201.914130.png,2,_2_left
_2_left\1769774282.227128.png,2,_2_left
_2_left\1769774282.323119.png,2,_2_left
_2_left\1769774282.456823.png,2,_2_left
_2_left\1769774282.559869.png,2,_2_left
_2_left\1769774282.700474.png,2,_2_left
_3_stop\1769774285.543069.png,3,_3_stop
_3_stop\1769774285.638935.png,3,_3_stop
_3_stop\1769774285.702919.png,3,_3_stop
_3_stop\1769774285.830595.png,3,_3_stop
_3_stop\1769774285.957791.png,3,_3_stop
_3_stop\1769774286.099006.png,3,_3_stop
_3_stop\1769774286.546617.png,3,_3_stop
_3_stop\1769774286.632943.png,3,_3_stop
_3_stop\1769774286.744425.png,3,_3_stop
_3_stop\1769774286.835122.png,3,_3_stop
_3_stop\1769774286.931616.png,3,_3_stop
_3_stop\1769774287.054837.png,3,_3_stop
_3_stop\1769774287.153102.png,3,_3_stop
_3_stop\1769774287.249268.png,3,_3_stop
_3_stop\1769774287.343992.png,3,_3_stop
_3_stop\1769774287.776162.png,3,_3_stop
_3_stop\1769774287.892441.png,3,_3_stop
_3_stop\1769774287.982908.png,3,_3_stop
_3_stop\1769774288.087525.png,3,_3_stop
_3_stop\1769774288.195061.png,3,_3_stop
_3_stop\1769774288.276508.png,3,_3_stop
_3_stop\1769774288.395574.png,3,_3_stop
_3_stop\1769774288.474893.png,3,_3_stop
_3_stop\1769774288.538253.png,3,_3_stop
_3_stop\1769774288.634717.png,3,_3_stop
_3_stop\1769774288.745491.png,3,_3_stop
_3_stop\1769774288.856628.png,3,_3_stop
_3_stop\1769774288.951293.png,3,_3_stop
_3_stop\1769774288.998558.png,3,_3_stop
_3_stop\1769774289.092027.png,3,_3_stop
_3_stop\1769774289.193358.png,3,_3_stop
_3_stop\1769774343.295358.png,3,_3_stop
_3_stop\1769774343.398534.png,3,_3_stop
_3_stop\1769774343.500817.png,3,_3_stop
_3_stop\1769774343.653735.png,3,_3_stop
_3_stop\1770037060.148904.png,3,_3_stop
_3_stop\1770037060.196768.png,3,_3_stop
_3_stop\1770037060.246692.png,3,_3_stop
_3_stop\1770037060.291776.png,3,_3_stop
_3_stop\1770037060.403530.png,3,_3_stop
_3_stop\1770037060.451302.png,3,_3_stop
_3_stop\1770037060.610607.png,3,_3_stop
_3_stop\1770037060.690431.png,3,_3_stop
_3_stop\1770037060.754118.png,3,_3_stop
_3_stop\1770037060.769905.png,3,_3_stop
_3_stop\1770037060.865161.png,3,_3_stop
_3_stop\1770037060.977115.png,3,_3_stop
_3_stop\1770037061.170314.png,3,_3_stop
_3_stop\1770037061.299545.png,3,_3_stop
_3_stop\1770037061.345071.png,3,_3_stop
_3_stop\1770037061.440368.png,3,_3_stop
_3_stop\1770037061.503651.png,3,_3_stop
_3_stop\1770037061.598745.png,3,_3_stop
